TE0,TE1,TL0,TL1,TimeSyncsReceived,EmotiBitStartTime, EmotiBitEndTime, DataParserVersion
290357.000000,566702.000000,1734687986.860633,1734688263.203803,91,203786,669589,1.11.4