TE0,TE1,TL0,TL1,TimeSyncsReceived,EmotiBitStartTime, EmotiBitEndTime, DataParserVersion
641555.000000,836284.000000,1734686365.125334,1734686559.861650,60,595352,899856,1.11.4