TE0,TE1,TL0,TL1,TimeSyncsReceived,EmotiBitStartTime, EmotiBitEndTime, DataParserVersion
160859.000000,462794.000000,1735117627.140115,1735117929.075432,74,153632,530101,1.11.4