TE0,TE1,TL0,TL1,TimeSyncsReceived,EmotiBitStartTime, EmotiBitEndTime, DataParserVersion
262881.000000,621091.000000,1734243303.999440,1734243662.213581,86,200687,984402,1.11.4