TE0,TE1,TL0,TL1,TimeSyncsReceived,EmotiBitStartTime, EmotiBitEndTime, DataParserVersion
276772.000000,839746.000000,1735218324.648723,1735218887.627581,134,245210,926888,1.11.4